texto,sentimento
"Hoje estou muito feliz!",feliz
"A vida é maravilhosa e estou sorrindo",feliz
"Ganhei um presente e fiquei animado",feliz
"Consegui alcançar meu objetivo, estou realizado",feliz
"Saí para passear e me diverti bastante",feliz
"Estou motivado para começar novos projetos",feliz
"Meu time ganhou o jogo e estou contente",feliz
"Passei o dia com amigos e foi ótimo",feliz
"Fiquei muito satisfeito com o resultado",feliz
"Recebi boas notícias hoje",feliz
"Acordei feliz e cheio de energia",feliz
"Tudo está indo muito bem hoje",feliz
"Sinto-me abençoado e contente",feliz
"O dia foi perfeito e divertido",feliz
"Estou sorrindo sem motivo hoje",feliz
"Sinto-me animado e positivo",feliz
"Estou empolgado para o futuro",feliz
"Meu coração está leve de felicidade",feliz
"Fiz algo que me trouxe alegria",feliz
"Passei momentos incríveis com a família",feliz
"Estou radiante de felicidade",feliz
"Nada de ruim aconteceu hoje",feliz
"Fiquei muito alegre com a surpresa",feliz
"Hoje é um ótimo dia para sorrir",feliz
"Sinto-me inspirado e feliz",feliz
"Meu humor está excelente hoje",feliz
"Estou contente com minhas conquistas",feliz
"Tudo parece maravilhoso hoje",feliz
"Estou de bom humor e feliz",feliz
"Sinto-me otimista e alegre",feliz
"Vou apenas descansar.",normal
"Nada de especial aconteceu hoje",normal
"Foi um dia comum, nada demais",normal
"Passei o dia vendo TV, tranquilo",normal
"Hoje está tudo dentro do normal",normal
"Não aconteceu nada de interessante",normal
"O dia foi neutro, sem grandes emoções",normal
"Acordei e o dia seguiu normalmente",normal
"Fiquei em casa fazendo atividades comuns",normal
"Tudo está na rotina de sempre",normal
"Dia tranquilo, sem novidades",normal
"Cumpri minhas tarefas normalmente",normal
"Não senti nada de especial hoje",normal
"O dia foi regular, nada animador",normal
"Tudo seguiu como esperado",normal
"Dia comum, sem altos nem baixos",normal
"Realizei o que precisava, sem emoção",normal
"Hoje foi um dia normal para mim",normal
"Nada mudou em relação aos outros dias",normal
"O dia passou sem acontecimentos marcantes",normal
"Fiz minhas atividades normalmente",normal
"Dia regular, sem surpresas",normal
"Nada de novo aconteceu hoje",normal
"Tudo na rotina habitual",normal
"Dia tranquilo e sem estresse",normal
"Passei o dia sem grandes emoções",normal
"Nada extraordinário ocorreu",normal
"Segui meu dia de forma comum",normal
"Dia normal, nem feliz nem triste",normal
"Nada de relevante aconteceu hoje",normal
"Estou cansado e desanimado",triste
"Estou muito triste e sem energia",triste
"Perdi meu ônibus e estou frustrado",triste
"Briguei com um amigo e estou chateado",triste
"Não consegui dormir direito, estou abatido",triste
"Estou decepcionado com os acontecimentos",triste
"Sinto-me sozinho e triste hoje",triste
"Nada está dando certo para mim",triste
"Estou preocupado e triste",triste
"Sinto-me desmotivado",triste
"Meu dia foi péssimo e frustrante",triste
"Estou irritado e triste",triste
"Não estou conseguindo me animar",triste
"Sinto-me esgotado e triste",triste
"Nada me alegra hoje",triste
"Estou melancólico e sem energia",triste
"Perdi algo importante e estou triste",triste
"Sinto-me desanimado e cansado",triste
"Não consegui atingir meus objetivos",triste
"Sinto uma tristeza profunda hoje",triste
"O dia foi pesado e desagradável",triste
"Estou chateado com meus erros",triste
"Não tenho ânimo para nada",triste
"Sinto-me triste e frustrado",triste
"Meu humor está muito baixo hoje",triste
"Nada dá certo e me sinto mal",triste
"Estou abatido e sem motivação",triste
"Sinto-me desolado e cansado",triste
"Meu coração está pesado de tristeza",triste
"Hoje é um dia ruim para mim",triste